correct,total,accuracy
11651,16613,70.13182447480888
12061,16613,72.59977126346837
12271,16613,73.86384156985493
