correct_train,total_train,accuracy_train,loss_train,correct_val,total_val,accuracy_val,loss_val
0,0,0,0,11776,16613,70.88424727622946,0.18046966195106506
0,0,0,0,12097,16613,72.81646903027749,0.12573422491550446
0,0,0,0,12237,16613,73.65918256786854,0.0825720950961113
