{
    "epochs":[
        {
            "epoch":0,
            "correct":48760,
            "total":77522,
            "accuracy":62.89827403833751,
            "loss":0.8082482218742371,
            "stage":"training",
            "classification_report":{
                "0":{
                    "precision":0.29411764705882354,
                    "recall":0.004469273743016759,
                    "f1-score":0.008804754567466431,
                    "support":4475
                },
                "1":{
                    "precision":0.6121195484335861,
                    "recall":0.5489091972060679,
                    "f1-score":0.5787936796340157,
                    "support":32499
                },
                "2":{
                    "precision":0.6396265860777048,
                    "recall":0.7620844431291309,
                    "f1-score":0.6955063640149,
                    "support":40548
                },
                "accuracy":0.6289827403833751,
                "macro avg":{
                    "precision":0.5152879271900381,
                    "recall":0.4384876380260718,
                    "f1-score":0.4277015994054607,
                    "support":77522
                },
                "weighted avg":{
                    "precision":0.6081503120070447,
                    "recall":0.6289827403833751,
                    "f1-score":0.6069375031499633,
                    "support":77522
                }
            },
            "classification_report_str":"              precision    recall  f1-score   support\n\n           0       0.29      0.00      0.01      4475\n           1       0.61      0.55      0.58     32499\n           2       0.64      0.76      0.70     40548\n\n    accuracy                           0.63     77522\n   macro avg       0.52      0.44      0.43     77522\nweighted avg       0.61      0.63      0.61     77522\n"
        },
        {
            "epoch":0,
            "correct":10360,
            "total":16613,
            "accuracy":62.360801781737194,
            "loss":0.8039830923080444,
            "stage":"validation",
            "classification_report":{
                "0":{
                    "precision":0.0,
                    "recall":0.0,
                    "f1-score":0.0,
                    "support":966
                },
                "1":{
                    "precision":0.552757793764988,
                    "recall":0.793801119242359,
                    "f1-score":0.6517052482770808,
                    "support":6969
                },
                "2":{
                    "precision":0.7309613928841786,
                    "recall":0.5563493892601982,
                    "f1-score":0.6318131256952169,
                    "support":8678
                },
                "accuracy":0.623608017817372,
                "macro avg":{
                    "precision":0.4279063955497222,
                    "recall":0.45005016950085236,
                    "f1-score":0.42783945799076584,
                    "support":16613
                },
                "weighted avg":{
                    "precision":0.6137032463851865,
                    "recall":0.623608017817372,
                    "f1-score":0.6034195015967055,
                    "support":16613
                }
            },
            "classification_report_str":"              precision    recall  f1-score   support\n\n           0       0.00      0.00      0.00       966\n           1       0.55      0.79      0.65      6969\n           2       0.73      0.56      0.63      8678\n\n    accuracy                           0.62     16613\n   macro avg       0.43      0.45      0.43     16613\nweighted avg       0.61      0.62      0.60     16613\n"
        },
        {
            "epoch":1,
            "correct":51780,
            "total":77522,
            "accuracy":66.79394236474808,
            "loss":0.7552956938743591,
            "stage":"training",
            "classification_report":{
                "0":{
                    "precision":0.8658536585365854,
                    "recall":0.015865921787709496,
                    "f1-score":0.031160851437349132,
                    "support":4475
                },
                "1":{
                    "precision":0.659223530205417,
                    "recall":0.601372349918459,
                    "f1-score":0.6289704888488399,
                    "support":32499
                },
                "2":{
                    "precision":0.6730065072290922,
                    "recall":0.7932573739765216,
                    "f1-score":0.7282009485969143,
                    "support":40548
                },
                "accuracy":0.6679394236474807,
                "macro avg":{
                    "precision":0.7326945653236981,
                    "recall":0.4701652152275633,
                    "f1-score":0.46277742962770113,
                    "support":77522
                },
                "weighted avg":{
                    "precision":0.6783605748719369,
                    "recall":0.6679394236474807,
                    "f1-score":0.6463642422923591,
                    "support":77522
                }
            },
            "classification_report_str":"              precision    recall  f1-score   support\n\n           0       0.87      0.02      0.03      4475\n           1       0.66      0.60      0.63     32499\n           2       0.67      0.79      0.73     40548\n\n    accuracy                           0.67     77522\n   macro avg       0.73      0.47      0.46     77522\nweighted avg       0.68      0.67      0.65     77522\n"
        },
        {
            "epoch":1,
            "correct":11223,
            "total":16613,
            "accuracy":67.55552880274483,
            "loss":0.7455090284347534,
            "stage":"validation",
            "classification_report":{
                "0":{
                    "precision":0.9130434782608695,
                    "recall":0.021739130434782608,
                    "f1-score":0.042467138523761376,
                    "support":966
                },
                "1":{
                    "precision":0.6450664800559832,
                    "recall":0.6613574400918353,
                    "f1-score":0.6531103868499363,
                    "support":6969
                },
                "2":{
                    "precision":0.6980412916887242,
                    "recall":0.7597372666513021,
                    "f1-score":0.7275837333774761,
                    "support":8678
                },
                "accuracy":0.6755552880274484,
                "macro avg":{
                    "precision":0.7520504166685257,
                    "recall":0.48094461239264,
                    "f1-score":0.4743870862503912,
                    "support":16613
                },
                "weighted avg":{
                    "precision":0.6883206301561967,
                    "recall":0.6755552880274484,
                    "f1-score":0.656505217601932,
                    "support":16613
                }
            },
            "classification_report_str":"              precision    recall  f1-score   support\n\n           0       0.91      0.02      0.04       966\n           1       0.65      0.66      0.65      6969\n           2       0.70      0.76      0.73      8678\n\n    accuracy                           0.68     16613\n   macro avg       0.75      0.48      0.47     16613\nweighted avg       0.69      0.68      0.66     16613\n"
        }
    ],
    "variables":{
        "global":{
            "path":"coding/code/exchange_base/"
        },
        "CNN":{
            "layers":{
                "1":{
                    "Conv1d":{
                        "in_channels":120,
                        "out_channels":16,
                        "kernel_size":3
                    },