{
    "epochs":[
        {
            "epoch":0,
            "correct":46312,
            "total":77522,
            "accuracy":58.98938470297861,
            "loss":0.8595704133113063,
            "stage":"training",
            "recall_hate":0.001340782122905028,
            "f1-score macro":0.39263570172822293,
            "classification_report_json":{
                "0":{
                    "precision":0.17647058823529413,
                    "recall":0.001340782122905028,
                    "f1-score":0.0026613439787092482,
                    "support":4475
                },
                "1":{
                    "precision":0.6077317698790766,
                    "recall":0.4082587156527893,
                    "f1-score":0.48841361285453977,
                    "support":32499
                },
                "2":{
                    "precision":0.5936107517608165,
                    "recall":0.8147874124494426,
                    "f1-score":0.6868321483514198,
                    "support":40548
                },
                "accuracy":0.597404607724259,
                "macro avg":{
                    "precision":0.45927103662506247,
                    "recall":0.40812897007504567,
                    "f1-score":0.39263570172822293,
                    "support":77522
                },
                "weighted avg":{
                    "precision":0.575450961456756,
                    "recall":0.597404607724259,
                    "f1-score":0.5641564132738808,
                    "support":77522
                }
            },
            "classification_report_str":"              precision    recall  f1-score   support\n\n           0       0.18      0.00      0.00      4475\n           1       0.61      0.41      0.49     32499\n           2       0.59      0.81      0.69     40548\n\n    accuracy                           0.60     77522\n   macro avg       0.46      0.41      0.39     77522\nweighted avg       0.58      0.60      0.56     77522\n"
        },
        {
            "epoch":0,
            "correct":10278,
            "total":16613,
            "accuracy":61.641560422215605,
            "loss":0.8235061827979523,
            "stage":"validation",
            "recall_hate":0.0,
            "f1-score macro":0.40970367660111195,
            "classification_report_json":{
                "0":{
                    "precision":0.0,
                    "recall":0.0,
                    "f1-score":0.0,
                    "support":966
                },
                "1":{
                    "precision":0.6351706036745407,
                    "recall":0.4514277514707993,
                    "f1-score":0.5277637980204664,
                    "support":6969
                },
                "2":{
                    "precision":0.611663807890223,
                    "recall":0.8218483521548744,
                    "f1-score":0.7013472317828695,
                    "support":8678
                },
                "accuracy":0.618672124240053,
                "macro avg":{
                    "precision":0.4156114705215879,
                    "recall":0.42442536787522456,
                    "f1-score":0.40970367660111195,
                    "support":16613
                },
                "weighted avg":{
                    "precision":0.585958132900694,
                    "recall":0.618672124240053,
                    "f1-score":0.5877491835199165,
                    "support":16613
                }
            },
            "classification_report_str":"              precision    recall  f1-score   support\n\n           0       0.00      0.00      0.00       966\n           1       0.64      0.45      0.53      6969\n           2       0.61      0.82      0.70      8678\n\n    accuracy                           0.62     16613\n   macro avg       0.42      0.42      0.41     16613\nweighted avg       0.59      0.62      0.59     16613\n"
        },
        {
            "epoch":1,
            "correct":42485,
            "total":77522,
            "accuracy":57.61336050745178,
            "loss":0.8606491099260475,
            "stage":"training",
            "recall_hate":0.0,
            "f1-score macro":0.3144491879818329,
            "classification_report_json":{
                "0":{
                    "precision":0.0,
                    "recall":0.0,
                    "f1-score":0.0,
                    "support":4475
                },
                "1":{
                    "precision":0.5766974015088013,
                    "recall":0.16935905720176006,
                    "f1-score":0.2618271769378969,
                    "support":32499
                },
                "2":{
                    "precision":0.5440222428174235,
                    "recall":0.912030186445694,
                    "f1-score":0.6815203870076019,
                    "support":40548
                },
                "accuracy":0.5480379763164005,
                "macro avg":{
                    "precision":0.3735732147754083,
                    "recall":0.36046308121581805,
                    "f1-score":0.3144491879818329,
                    "support":77522
                },
                "weighted avg":{
                    "precision":0.5263164360232633,
                    "recall":0.5480379763164005,
                    "f1-score":0.4662342312593709,
                    "support":77522
                }
            },
            "classification_report_str":"              precision    recall  f1-score   support\n\n           0       0.00      0.00      0.00      4475\n           1       0.58      0.17      0.26     32499\n           2       0.54      0.91      0.68     40548\n\n    accuracy                           0.55     77522\n   macro avg       0.37      0.36      0.31     77522\nweighted avg       0.53      0.55      0.47     77522\n"
        },
        {
            "epoch":1,
            "correct":8678,
            "total":16613,
            "accuracy":51.9999207118736,
            "loss":0.8704430725353028,
            "stage":"validation",
            "recall_hate":0.0,
            "f1-score macro":0.2287506754708526,
            "classification_report_json":{
                "0":{
                    "precision":0.0,
                    "recall":0.0,
                    "f1-score":0.0,
                    "support":966
                },
                "1":{
                    "precision":0.0,
                    "recall":0.0,
                    "f1-score":0.0,
                    "support":6969
                },
                "2":{
                    "precision":0.5223620056582194,
                    "recall":1.0,
                    "f1-score":0.6862520264125578,
                    "support":8678
                },
                "accuracy":0.5223620056582194,
                "macro avg":{
                    "precision":0.1741206685527398,
                    "recall":0.3333333333333333,
                    "f1-score":0.2287506754708526,
                    "support":16613
                },
                "weighted avg":{
                    "precision":0.2728620649552777,
                    "recall":0.5223620056582194,
                    "f1-score":0.3584719849038811,
                    "support":16613
                }
            },
            "classification_report_str":"              precision    recall  f1-score   support\n\n           0       0.00      0.00      0.00       966\n           1       0.00      0.00      0.00      6969\n           2       0.52      1.00      0.69      8678\n\n    accuracy                           0.52     16613\n   macro avg       0.17      0.33      0.23     16613\nweighted avg       0.27      0.52      0.36     16613\n"
        }
    ],
    "variables":{
        "global":{
            "path":"coding/code/exchange_base/"
        },