{
    "epochs":[
        {
            "epoch":0,
            "correct":31844,
            "total":77522,
            "accuracy":40.21032399578711,
            "loss":1.0939990057957023,
            "stage":"training",
            "recall_hate":0.20616369667515236,
            "f1-score macro":0.3964728999355364,
            "classification_report_json":{
                "0":{
                    "precision":0.3694104637500864,
                    "recall":0.20616369667515236,
                    "f1-score":0.26463671246441395,
                    "support":25926
                },
                "1":{
                    "precision":0.4709863441592247,
                    "recall":0.456259456104279,
                    "f1-score":0.46350595097343733,
                    "support":25777
                },
                "2":{
                    "precision":0.3870069849272622,
                    "recall":0.5708199388047562,
                    "f1-score":0.4612760363687579,
                    "support":25819
                },
                "accuracy":0.41077371584840433,
                "macro avg":{
                    "precision":0.4091345976121911,
                    "recall":0.41108103052806255,
                    "f1-score":0.3964728999355364,
                    "support":77522
                },
                "weighted avg":{
                    "precision":0.4090462580998176,
                    "recall":0.41077371584840433,
                    "f1-score":0.39625461531693773,
                    "support":77522
                }
            },
            "classification_report_str":"              precision    recall  f1-score   support\n\n           0       0.37      0.21      0.26     25926\n           1       0.47      0.46      0.46     25777\n           2       0.39      0.57      0.46     25819\n\n    accuracy                           0.41     77522\n   macro avg       0.41      0.41      0.40     77522\nweighted avg       0.41      0.41      0.40     77522\n"
        },
        {
            "epoch":0,
            "correct":7041,
            "total":16613,
            "accuracy":42.57551362862254,
            "loss":1.0648310559245713,
            "stage":"validation",
            "recall_hate":0.15535390199637023,
            "f1-score macro":0.3963897503325158,
            "classification_report_json":{
                "0":{
                    "precision":0.36880654890133563,
                    "recall":0.15535390199637023,
                    "f1-score":0.21861831183756866,
                    "support":5510
                },
                "1":{
                    "precision":0.5208955223880597,
                    "recall":0.437735172908081,
                    "f1-score":0.47570830493622823,
                    "support":5581
                },
                "2":{
                    "precision":0.38971047698396166,
                    "recall":0.67765302426657,
                    "f1-score":0.49484263422375036,
                    "support":5522
                },
                "accuracy":0.42382471558418106,
                "macro avg":{
                    "precision":0.4264708494244523,
                    "recall":0.4235806997236738,
                    "f1-score":0.3963897503325158,
                    "support":16613
                },
                "weighted avg":{
                    "precision":0.4268478449888375,
                    "recall":0.42382471558418106,
                    "f1-score":0.39679985398529116,
                    "support":16613
                }
            },
            "classification_report_str":"              precision    recall  f1-score   support\n\n           0       0.37      0.16      0.22      5510\n           1       0.52      0.44      0.48      5581\n           2       0.39      0.68      0.49      5522\n\n    accuracy                           0.42     16613\n   macro avg       0.43      0.42      0.40     16613\nweighted avg       0.43      0.42      0.40     16613\n"
        },
        {
            "epoch":1,
            "correct":29993,
            "total":77522,
            "accuracy":39.96528017864956,
            "loss":1.0878357039445503,
            "stage":"training",
            "recall_hate":0.11041203099823525,
            "f1-score macro":0.34159531985678276,
            "classification_report_json":{
                "0":{
                    "precision":0.3364507832592939,
                    "recall":0.11041203099823525,
                    "f1-score":0.16626227614095898,
                    "support":26066
                },
                "1":{
                    "precision":0.4980455587006335,
                    "recall":0.2879407753750243,
                    "f1-score":0.36491124114263135,
                    "support":25665
                },
                "2":{
                    "precision":0.3644005172732311,
                    "recall":0.764801675002908,
                    "f1-score":0.4936124422867581,
                    "support":25791
                },
                "accuracy":0.38689662289414617,
                "macro avg":{
                    "precision":0.3996322864110528,
                    "recall":0.38771816045872254,
                    "f1-score":0.34159531985678276,
                    "support":77522
                },
                "weighted avg":{
                    "precision":0.3992482020778929,
                    "recall":0.38689662289414617,
                    "f1-score":0.3409354504893275,
                    "support":77522
                }
            },
            "classification_report_str":"              precision    recall  f1-score   support\n\n           0       0.34      0.11      0.17     26066\n           1       0.50      0.29      0.36     25665\n           2       0.36      0.76      0.49     25791\n\n    accuracy                           0.39     77522\n   macro avg       0.40      0.39      0.34     77522\nweighted avg       0.40      0.39      0.34     77522\n"
        },
        {
            "epoch":1,
            "correct":6268,
            "total":16613,
            "accuracy":37.46496207623473,
            "loss":1.081584800203162,
            "stage":"validation",
            "recall_hate":0.8610271903323263,
            "f1-score macro":0.28185508426272227,
            "classification_report_json":{
                "0":{
                    "precision":0.346690518783542,
                    "recall":0.8610271903323263,
                    "f1-score":0.49433731251913066,
                    "support":5627
                },
                "1":{
                    "precision":0.5396283655669322,
                    "recall":0.2603366264178558,
                    "f1-score":0.35122794026903614,
                    "support":5466
                },
                "2":{
                    "precision":0.0,
                    "recall":0.0,
                    "f1-score":0.0,
                    "support":5520
                },
                "accuracy":0.37729488954433277,
                "macro avg":{
                    "precision":0.2954396281168247,
                    "recall":0.3737879389167274,
                    "f1-score":0.28185508426272227,
                    "support":16613
                },
                "weighted avg":{
                    "precision":0.2949759944250793,
                    "recall":0.37729488954433277,
                    "f1-score":0.28299813273073493,
                    "support":16613
                }
            },