{
    "epochs":[
        {
            "epoch":0,
            "correct":36662,
            "total":77522,
            "accuracy":44.71417835858126,
            "loss":1.0397716389305567,
            "stage":"training",
            "recall_hate":0.384438921812273,
            "f1-score macro":0.4710344370204849,
            "classification_report_json":{
                "0":{
                    "precision":0.468197057180108,
                    "recall":0.384438921812273,
                    "f1-score":0.42220402678927593,
                    "support":26155
                },
                "1":{
                    "precision":0.4851682622570351,
                    "recall":0.5184051456912585,
                    "f1-score":0.5012363254907837,
                    "support":25808
                },
                "2":{
                    "precision":0.4646294344924482,
                    "recall":0.5175476348839939,
                    "f1-score":0.48966295878139515,
                    "support":25559
                },
                "accuracy":0.47292381517504706,
                "macro avg":{
                    "precision":0.4726649179765305,
                    "recall":0.47346390079584183,
                    "f1-score":0.4710344370204849,
                    "support":77522
                },
                "weighted avg":{
                    "precision":0.47267072907133156,
                    "recall":0.47292381517504706,
                    "f1-score":0.47075603019056966,
                    "support":77522
                }
            },
            "classification_report_str":"              precision    recall  f1-score   support\n\n           0       0.47      0.38      0.42     26155\n           1       0.49      0.52      0.50     25808\n           2       0.46      0.52      0.49     25559\n\n    accuracy                           0.47     77522\n   macro avg       0.47      0.47      0.47     77522\nweighted avg       0.47      0.47      0.47     77522\n"
        },
        {
            "epoch":0,
            "correct":8939,
            "total":16613,
            "accuracy":53.48859057451961,
            "loss":1.0028316792768288,
            "stage":"validation",
            "recall_hate":0.42132505175983437,
            "f1-score macro":0.45612770093226224,
            "classification_report_json":{
                "0":{
                    "precision":0.10228700678562452,
                    "recall":0.42132505175983437,
                    "f1-score":0.16461071789686552,
                    "support":966
                },
                "1":{
                    "precision":0.6185767547414491,
                    "recall":0.5475678002582867,
                    "f1-score":0.5809103364286802,
                    "support":6969
                },
                "2":{
                    "precision":0.7294663573085847,
                    "recall":0.5434431896750404,
                    "f1-score":0.6228620484712409,
                    "support":8678
                },
                "accuracy":0.5380725937518811,
                "macro avg":{
                    "precision":0.48344337294521944,
                    "recall":0.5041120138977204,
                    "f1-score":0.45612770093226224,
                    "support":16613
                },
                "weighted avg":{
                    "precision":0.6464804491104539,
                    "recall":0.5380725937518811,
                    "f1-score":0.5786176455001067,
                    "support":16613
                }
            },
            "classification_report_str":"              precision    recall  f1-score   support\n\n           0       0.10      0.42      0.16       966\n           1       0.62      0.55      0.58      6969\n           2       0.73      0.54      0.62      8678\n\n    accuracy                           0.54     16613\n   macro avg       0.48      0.50      0.46     16613\nweighted avg       0.65      0.54      0.58     16613\n"
        },
        {
            "epoch":1,
            "correct":40988,
            "total":77522,
            "accuracy":51.602849228352085,
            "loss":0.9712539075009351,
            "stage":"training",
            "recall_hate":0.4032854529175912,
            "f1-score macro":0.5245077638080516,
            "classification_report_json":{
                "0":{
                    "precision":0.5353175218312406,
                    "recall":0.4032854529175912,
                    "f1-score":0.4600150970205586,
                    "support":25689
                },
                "1":{
                    "precision":0.5337451959340541,
                    "recall":0.5700038358266206,
                    "f1-score":0.5512789597670235,
                    "support":26070
                },
                "2":{
                    "precision":0.5199155895542074,
                    "recall":0.6120405232309902,
                    "f1-score":0.5622292346365728,
                    "support":25763
                },
                "accuracy":0.5287273290162793,
                "macro avg":{
                    "precision":0.5296594357731673,
                    "recall":0.5284432706584007,
                    "f1-score":0.5245077638080516,
                    "support":77522
                },
                "weighted avg":{
                    "precision":0.5296702150358424,
                    "recall":0.5287273290162793,
                    "f1-score":0.5246753448108854,
                    "support":77522
                }
            },
            "classification_report_str":"              precision    recall  f1-score   support\n\n           0       0.54      0.40      0.46     25689\n           1       0.53      0.57      0.55     26070\n           2       0.52      0.61      0.56     25763\n\n    accuracy                           0.53     77522\n   macro avg       0.53      0.53      0.52     77522\nweighted avg       0.53      0.53      0.52     77522\n"
        },
        {
            "epoch":1,
            "correct":9755,
            "total":16613,
            "accuracy":58.170116330337656,
            "loss":0.9529516710133176,
            "stage":"validation",
            "recall_hate":0.37267080745341613,
            "f1-score macro":0.4825768099889485,
            "classification_report_json":{
                "0":{
                    "precision":0.10962241169305725,
                    "recall":0.37267080745341613,
                    "f1-score":0.16941176470588235,
                    "support":966
                },
                "1":{
                    "precision":0.6941153238546603,
                    "recall":0.5043765246089826,
                    "f1-score":0.5842267098811601,
                    "support":6969
                },
                "2":{
                    "precision":0.7114337568058077,
                    "recall":0.6775754782207882,
                    "f1-score":0.694091955379803,
                    "support":8678
                },
                "accuracy":0.5871907542286161,
                "macro avg":{
                    "precision":0.5050571641178417,
                    "recall":0.518207603427729,
                    "f1-score":0.4825768099889485,
                    "support":16613
                },
                "weighted avg":{
                    "precision":0.669175169036262,
                    "recall":0.5871907542286161,
                    "f1-score":0.6174957981492577,
                    "support":16613
                }
            },