{
    "epochs":[
        {
            "epoch":0,
            "correct":37076,
            "total":77522,
            "accuracy":45.08153954924971,
            "loss":1.0370379502351195,
            "stage":"training",
            "recall_hate":0.37669114804793197,
            "f1-score macro":0.4754962942702501,
            "classification_report_json":{
                "0":{
                    "precision":0.46640183784818606,
                    "recall":0.37669114804793197,
                    "f1-score":0.41677358651954494,
                    "support":25870
                },
                "1":{
                    "precision":0.49273485829377067,
                    "recall":0.5282029533099434,
                    "f1-score":0.5098528125639642,
                    "support":25937
                },
                "2":{
                    "precision":0.4729045240077713,
                    "recall":0.5300797200077776,
                    "f1-score":0.4998624837272411,
                    "support":25715
                },
                "accuracy":0.4782642346688682,
                "macro avg":{
                    "precision":0.4773470733832427,
                    "recall":0.4783246071218843,
                    "f1-score":0.4754962942702501,
                    "support":77522
                },
                "weighted avg":{
                    "precision":0.47736925517347256,
                    "recall":0.4782642346688682,
                    "f1-score":0.4754772690562443,
                    "support":77522
                }
            },
            "classification_report_str":"              precision    recall  f1-score   support\n\n           0       0.47      0.38      0.42     25870\n           1       0.49      0.53      0.51     25937\n           2       0.47      0.53      0.50     25715\n\n    accuracy                           0.48     77522\n   macro avg       0.48      0.48      0.48     77522\nweighted avg       0.48      0.48      0.48     77522\n"
        },
        {
            "epoch":0,
            "correct":8152,
            "total":16613,
            "accuracy":48.719161979236986,
            "loss":1.0529244268623759,
            "stage":"validation",
            "recall_hate":0.5362318840579711,
            "f1-score macro":0.4306645044945879,
            "classification_report_json":{
                "0":{
                    "precision":0.08999305072967338,
                    "recall":0.5362318840579711,
                    "f1-score":0.15412079738173165,
                    "support":966
                },
                "1":{
                    "precision":0.7008403361344537,
                    "recall":0.418854928971158,
                    "f1-score":0.5243398598886294,
                    "support":6969
                },
                "2":{
                    "precision":0.7045726240286909,
                    "recall":0.5433279557501729,
                    "f1-score":0.6135328562134027,
                    "support":8678
                },
                "accuracy":0.4907000541744417,
                "macro avg":{
                    "precision":0.498468670297606,
                    "recall":0.4994715895931006,
                    "f1-score":0.4306645044945879,
                    "support":16613
                },
                "weighted avg":{
                    "precision":0.6672708614245983,
                    "recall":0.4907000541744417,
                    "f1-score":0.5494036778459351,
                    "support":16613
                }
            },
            "classification_report_str":"              precision    recall  f1-score   support\n\n           0       0.09      0.54      0.15       966\n           1       0.70      0.42      0.52      6969\n           2       0.70      0.54      0.61      8678\n\n    accuracy                           0.49     16613\n   macro avg       0.50      0.50      0.43     16613\nweighted avg       0.67      0.49      0.55     16613\n"
        },
        {
            "epoch":1,
            "correct":41238,
            "total":77522,
            "accuracy":52.04480540997,
            "loss":0.9696903133313625,
            "stage":"training",
            "recall_hate":0.41940338826071855,
            "f1-score macro":0.5286989642424613,
            "classification_report_json":{
                "0":{
                    "precision":0.5449531163816879,
                    "recall":0.41940338826071855,
                    "f1-score":0.47400558269364973,
                    "support":25913
                },
                "1":{
                    "precision":0.5353677505369973,
                    "recall":0.5639385191542483,
                    "f1-score":0.5492818603237328,
                    "support":25634
                },
                "2":{
                    "precision":0.5204565523105602,
                    "recall":0.6126660250240616,
                    "f1-score":0.5628094497100015,
                    "support":25975
                },
                "accuracy":0.5319522200149635,
                "macro avg":{
                    "precision":0.5335924730764151,
                    "recall":0.5320026441463428,
                    "f1-score":0.5286989642424613,
                    "support":77522
                },
                "weighted avg":{
                    "precision":0.5335755781369271,
                    "recall":0.5319522200149635,
                    "f1-score":0.5286521674891824,
                    "support":77522
                }
            },
            "classification_report_str":"              precision    recall  f1-score   support\n\n           0       0.54      0.42      0.47     25913\n           1       0.54      0.56      0.55     25634\n           2       0.52      0.61      0.56     25975\n\n    accuracy                           0.53     77522\n   macro avg       0.53      0.53      0.53     77522\nweighted avg       0.53      0.53      0.53     77522\n"
        },
        {
            "epoch":1,
            "correct":9065,
            "total":16613,
            "accuracy":53.379702985259954,
            "loss":0.9965995346440798,
            "stage":"validation",
            "recall_hate":0.4616977225672878,
            "f1-score macro":0.46686486046237424,
            "classification_report_json":{
                "0":{
                    "precision":0.1037691949744067,
                    "recall":0.4616977225672878,
                    "f1-score":0.16945288753799392,
                    "support":966
                },
                "1":{
                    "precision":0.6504902775469503,
                    "recall":0.5616300760510834,
                    "f1-score":0.6028030186354536,
                    "support":6969
                },
                "2":{
                    "precision":0.747062559542712,
                    "recall":0.542175616501498,
                    "f1-score":0.6283386752136751,
                    "support":8678
                },
                "accuracy":0.5456570155902004,
                "macro avg":{
                    "precision":0.5004406773546897,
                    "recall":0.5218344717066231,
                    "f1-score":0.46686486046237424,
                    "support":16613
                },
                "weighted avg":{
                    "precision":0.6691456496888959,
                    "recall":0.5456570155902004,
                    "f1-score":0.5909437639039579,
                    "support":16613
                }
            },