{
    "epochs":[
        {
            "epoch":0,
            "correct":43954,
            "total":77522,
            "accuracy":53.69733636263017,
            "loss":1.074061551088644,
            "stage":"training",
            "f1_score_hate":0.09902164245478802,
            "f1_score_macro":0.43122774036629874,
            "classification_report_json":{
                "0":{
                    "precision":0.08876683203401843,
                    "recall":0.11195530726256983,
                    "f1-score":0.09902164245478802,
                    "support":4475
                },
                "1":{
                    "precision":0.562920039427701,
                    "recall":0.5798947659927998,
                    "f1-score":0.5712813362029767,
                    "support":32499
                },
                "2":{
                    "precision":0.6408239797911404,
                    "recall":0.6068610042418862,
                    "f1-score":0.6233802424411313,
                    "support":40548
                },
                "accuracy":0.5669874358246692,
                "macro avg":{
                    "precision":0.43083695041761993,
                    "recall":0.4329036924990852,
                    "f1-score":0.43122774036629874,
                    "support":77522
                },
                "weighted avg":{
                    "precision":0.5762970597673467,
                    "recall":0.5669874358246692,
                    "f1-score":0.5712702983120753,
                    "support":77522
                }
            },
            "classification_report_str":"              precision    recall  f1-score   support\n\n           0       0.09      0.11      0.10      4475\n           1       0.56      0.58      0.57     32499\n           2       0.64      0.61      0.62     40548\n\n    accuracy                           0.57     77522\n   macro avg       0.43      0.43      0.43     77522\nweighted avg       0.58      0.57      0.57     77522\n",
            "predicted_epoch":